Workbook

Sheet Cómo usar
B2: PROCESOS CLAROS · Consultoría independiente de procesos
B4: Test de madurez operativa
B5: ¿Tu empresa está lista para implementar un ERP?
B7: Para qué sirve | C7: Un sistema de gestión multiplica lo que tu empresa ya hace: si los procesos están claros, acelera; si no, acelera el desorden. Este test te muestra en 15 minutos qué tan definida está tu operación y por dónde conviene empezar a ordenar.
B8: Cómo se responde | C8: En la hoja «Test», elige una respuesta en cada una de las 20 preguntas (celdas amarillas). Responde con honestidad: una respuesta cuenta como «definida» solo si tu equipo respondería lo mismo.
B9: Cómo se lee | C9: La hoja «Resultado» se calcula sola: puntaje por área, un gráfico y las dos áreas por donde conviene empezar. El veredicto aparece cuando las 20 preguntas están respondidas.
B10: Consejo | C10: Pide a dos o tres personas de tu operación que respondan el test por separado y comparen. Las diferencias entre respuestas son, en sí mismas, un hallazgo.
B12: Escala de respuestas
B13: 0 · No existe | C13: No hay nada definido; cada vez se resuelve distinto.
B14: 1 · Está en la cabeza de alguien | C14: Se hace, pero depende de que una persona lo recuerde.
B15: 2 · Existe, pero no siempre se cumple | C15: Hay una forma acordada, pero a veces no se sigue.
B16: 3 · Definido, escrito y se cumple | C16: Está acordado, escrito y el equipo lo cumple.
B18: Leyenda
B19: Celda amarilla | C19: Es para completar. Todo lo demás se calcula solo y está protegido para no borrarlo por error.
B21: Ejemplo de una respuesta
B22: Pregunta | C22: ¿Tienes un catálogo de productos o servicios único, actualizado y sin duplicados?
B23: Respuesta | C23: 1 · Está en la cabeza de alguien
B24: Puntaje | C24: 1 de 3
B25: Nota | C25: Ventas usa su lista y bodega otra; hay códigos repetidos para el mismo producto.
B27: ¿Quieres revisar tu resultado con alguien?
B28: Agenda un diagnóstico gratuito de 30 minutos en procesosclaros.cl/contacto

Sheet Test
B2: Test de madurez operativa
B3: Elige una respuesta en cada celda amarilla. El puntaje y el resultado se calculan solos.
C5: Empresa
C6: Responde
C7: Fecha
B9: N° | C9: Área | D9: Pregunta | E9: Respuesta | F9: Puntaje | G9: Nota o evidencia (opcional)
B10: 1 | C10: Flujo de trabajo y responsables | D10: ¿Puedes describir, de principio a fin, cómo fluye un pedido desde que el cliente lo solicita hasta que el dinero está en tu cuenta? | F10: =IF(E10="","",MATCH(E10,Listas!$A$1:$A$4,0)-1)
B11: 2 | C11: Flujo de trabajo y responsables | D11: ¿Existe una sola persona responsable por cada etapa de ese flujo, y todos saben quién es? | F11: =IF(E11="","",MATCH(E11,Listas!$A$1:$A$4,0)-1)
B12: 3 | C12: Flujo de trabajo y responsables | D12: ¿Tu equipo hace las mismas tareas de la misma forma, independientemente de quién esté de turno? | F12: =IF(E12="","",MATCH(E12,Listas!$A$1:$A$4,0)-1)
B13: 4 | C13: Flujo de trabajo y responsables | D13: ¿El trabajo pasa de un área a otra sin que haya que perseguir a nadie para que avance? | F13: =IF(E13="","",MATCH(E13,Listas!$A$1:$A$4,0)-1)
B14: 5 | C14: Datos e información | D14: ¿Tienes un catálogo de productos o servicios único, actualizado y sin duplicados? | F14: =IF(E14="","",MATCH(E14,Listas!$A$1:$A$4,0)-1)
B15: 6 | C15: Datos e información | D15: ¿La información de tus clientes vive en un solo lugar, o está repartida entre planillas, correos y libretas? | F15: =IF(E15="","",MATCH(E15,Listas!$A$1:$A$4,0)-1)
B16: 7 | C16: Datos e información | D16: ¿Puedes saber hoy, sin preguntarle a nadie, en qué estado está cualquier pedido en curso? | F16: =IF(E16="","",MATCH(E16,Listas!$A$1:$A$4,0)-1)
B17: 8 | C17: Datos e información | D17: ¿Cada dato se registra una sola vez, en vez de copiarse entre varias planillas? | F17: =IF(E17="","",MATCH(E17,Listas!$A$1:$A$4,0)-1)
B18: 9 | C18: Excepciones y control | D18: ¿Tienes definido qué hacer cuando algo sale mal: un despacho incompleto, una devolución, un cliente moroso? | F18: =IF(E18="","",MATCH(E18,Listas!$A$1:$A$4,0)-1)
B19: 10 | C19: Excepciones y control | D19: ¿Los errores se detectan dentro de la empresa antes de que el cliente se queje? | F19: =IF(E19="","",MATCH(E19,Listas!$A$1:$A$4,0)-1)
B20: 11 | C20: Excepciones y control | D20: ¿Está claro quién puede aprobar descuentos, créditos o compras, y hasta qué monto? | F20: =IF(E20="","",MATCH(E20,Listas!$A$1:$A$4,0)-1)
B21: 12 | C21: Excepciones y control | D21: ¿Hay un control periódico de inventario o de caja que cuadre con lo registrado? | F21: =IF(E21="","",MATCH(E21,Listas!$A$1:$A$4,0)-1)
... B29: 20 | C29: Documentación y equipo | D29: ¿Tu equipo entiende por qué conviene ordenar los procesos antes de cambiar de sistema? | F29: =IF(E29="","",MATCH(E29,Listas!$A$1:$A$4,0)-1)

Sheet Resultado
B2: Resultado
B3: ="Empresa: "&IF(Test!$D$5="","(sin nombre)",Test!$D$5) -> Empresa: (sin nombre)
B5: Criterio de lectura
B6: Lista para un sistema desde | C6: 0.8 | D6: Equivale a 8 de 10 respuestas claras en el checklist del artículo «Cómo saber si tu empresa está lista para digitalizar».
B7: Zona intermedia desde | C7: 0.5 | D7: Equivale a 5 de 10. Bajo este umbral, lo que corresponde es ordenar antes de comprar software.
B9: Preguntas respondidas | C9: =COUNTA(Test!$E$10:$E$29) -> 0 | D9: ="de "&ROWS(Test!$E$10:$E$29) -> de 20
B10: Puntaje total | C10: =SUM(Test!$F$10:$F$29) -> 0 | D10: ="de "&ROWS(Test!$E$10:$E$29)*3 -> de 60
B11: Madurez general | C11: =IF(C9=0,"",C10/(ROWS(Test!$E$10:$E$29)*3))
B13: Veredicto | C13: =IF(C9<ROWS(Test!$E$10:$E$29),"Responde las "&ROWS(Test!$E$10:$E$29)&" preguntas para ver el veredicto (faltan "&(ROWS(Test!$E$10:$E$29)-C9)&").",IF(C11>=$C$6,"Tu operación está definida: un sistema va a multiplicar lo que ya funciona. Puedes evaluar proveedores con confianza.",IF(C11>=$C$7,"Zona intermedia: tienes una base, pero hay vacíos que un sistema va a exponer de golpe. Ciérralos antes de implementar.","Todavía no: comprar software ahora es la forma más cara de descubrir cómo opera tu empresa. Lo que corresponde es ordenar primero."))) -> Responde las 20 preguntas para ver el veredicto (faltan 20).
B16: Área | C16: Puntaje | D16: Máximo | E16: Madurez | F16: Respondidas | G16: Estado | H16: Prioridad | I16: Qué hacer primero
B17: Flujo de trabajo y responsables | C17: =SUMIFS(Test!$F$10:$F$29,Test!$C$10:$C$29,$B17) -> 0 | D17: =COUNTIF(Test!$C$10:$C$29,$B17)*3 -> 12 | E17: =IF(D17=0,0,C17/D17) -> 0 | F17: =COUNTIFS(Test!$C$10:$C$29,$B17,Test!$E$10:$E$29,"?*")&" de "&COUNTIF(Test!$C$10:$C$29,$B17) -> 0 de 4 | G17: =IF(COUNTIFS(Test!$C$10:$C$29,$B17,Test!$E$10:$E$29,"?*")<COUNTIF(Test!$C$10:$C$29,$B17),"Incompleta",IF(E17>=$C$6,"Sólida",IF(E17>=$C$7,"Intermedia","Débil"))) -> Incompleta | H17: =RANK(E17,$E$17:$E$21,1)+COUNTIF($E$17:E17,E17)-1 -> 1 | I17: Dibuja el recorrido de un pedido de principio a fin y asigna un solo responsable por etapa.
B18: Datos e información | C18: =SUMIFS(Test!$F$10:$F$29,Test!$C$10:$C$29,$B18) -> 0 | D18: =COUNTIF(Test!$C$10:$C$29,$B18)*3 -> 12 | E18: =IF(D18=0,0,C18/D18) -> 0 | F18: =COUNTIFS(Test!$C$10:$C$29,$B18,Test!$E$10:$E$29,"?*")&" de "&COUNTIF(Test!$C$10:$C$29,$B18) -> 0 de 4 | G18: =IF(COUNTIFS(Test!$C$10:$C$29,$B18,Test!$E$10:$E$29,"?*")<COUNTIF(Test!$C$10:$C$29,$B18),"Incompleta",IF(E18>=$C$6,"Sólida",IF(E18>=$C$7,"Intermedia","Débil"))) -> Incompleta | H18: =RANK(E18,$E$17:$E$21,1)+COUNTIF($E$17:E18,E18)-1 -> 2 | I18: Unifica catálogo y clientes en una sola fuente y elimina duplicados antes de migrar nada a un sistema.
B19: Excepciones y control | C19: =SUMIFS(Test!$F$10:$F$29,Test!$C$10:$C$29,$B19) -> 0 | D19: =COUNTIF(Test!$C$10:$C$29,$B19)*3 -> 12 | E19: =IF(D19=0,0,C19/D19) -> 0 | F19: =COUNTIFS(Test!$C$10:$C$29,$B19,Test!$E$10:$E$29,"?*")&" de "&COUNTIF(Test!$C$10:$C$29,$B19) -> 0 de 4 | G19: =IF(COUNTIFS(Test!$C$10:$C$29,$B19,Test!$E$10:$E$29,"?*")<COUNTIF(Test!$C$10:$C$29,$B19),"Incompleta",IF(E19>=$C$6,"Sólida",IF(E19>=$C$7,"Intermedia","Débil"))) -> Incompleta | H19: =RANK(E19,$E$17:$E$21,1)+COUNTIF($E$17:E19,E19)-1 -> 3 | I19: Escribe qué se hace cuando algo sale mal (devoluciones, despachos incompletos, morosos) y quién aprueba qué.
B20: Costos y medición | C20: =SUMIFS(Test!$F$10:$F$29,Test!$C$10:$C$29,$B20) -> 0 | D20: =COUNTIF(Test!$C$10:$C$29,$B20)*3 -> 12 | E20: =IF(D20=0,0,C20/D20) -> 0 | F20: =COUNTIFS(Test!$C$10:$C$29,$B20,Test!$E$10:$E$29,"?*")&" de "&COUNTIF(Test!$C$10:$C$29,$B20) -> 0 de 4 | G20: =IF(COUNTIFS(Test!$C$10:$C$29,$B20,Test!$E$10:$E$29,"?*")<COUNTIF(Test!$C$10:$C$29,$B20),"Incompleta",IF(E20>=$C$6,"Sólida",IF(E20>=$C$7,"Intermedia","Débil"))) -> Incompleta | H20: =RANK(E20,$E$17:$E$21,1)+COUNTIF($E$17:E20,E20)-1 -> 4 | I20: Calcula el costo real de entregar y define de 3 a 5 indicadores con una fecha fija de revisión.
B21: Documentación y equipo | C21: =SUMIFS(Test!$F$10:$F$29,Test!$C$10:$C$29,$B21) -> 0 | D21: =COUNTIF(Test!$C$10:$C$29,$B21)*3 -> 12 | E21: =IF(D21=0,0,C21/D21) -> 0 | F21: =COUNTIFS(Test!$C$10:$C$29,$B21,Test!$E$10:$E$29,"?*")&" de "&COUNTIF(Test!$C$10:$C$29,$B21) -> 0 de 4 | G21: =IF(COUNTIFS(Test!$C$10:$C$29,$B21,Test!$E$10:$E$29,"?*")<COUNTIF(Test!$C$10:$C$29,$B21),"Incompleta",IF(E21>=$C$6,"Sólida",IF(E21>=$C$7,"Intermedia","Débil"))) -> Incompleta | H21: =RANK(E21,$E$17:$E$21,1)+COUNTIF($E$17:E21,E21)-1 -> 5 | I21: Documenta las tareas críticas en manuales breves y prepara al equipo para el cambio antes de elegir sistema.
B24: Por dónde empezar
B25: =IF($C$9=0,"",IF(INDEX($G$17:$G$21,MATCH(1,$H$17:$H$21,0))="Sólida","Todas tus áreas están sólidas.",1&". "&INDEX($B$17:$B$21,MATCH(1,$H$17:$H$21,0)))) | C25: =IF($C$9=0,"",IF(INDEX($G$17:$G$21,MATCH(1,$H$17:$H$21,0))="Sólida","Mantén lo que ya funciona y repite el test cada seis meses.",INDEX($I$17:$I$21,MATCH(1,$H$17:$H$21,0))))
B26: =IF($C$9=0,"",IF(INDEX($G$17:$G$21,MATCH(2,$H$17:$H$21,0))="Sólida","",2&". "&INDEX($B$17:$B$21,MATCH(2,$H$17:$H$21,0)))) | C26: =IF($C$9=0,"",IF(INDEX($G$17:$G$21,MATCH(2,$H$17:$H$21,0))="Sólida","",INDEX($I$17:$I$21,MATCH(2,$H$17:$H$21,0))))
B28: ¿Quieres revisar este resultado con alguien?
B29: Agenda un diagnóstico gratuito de 30 minutos → procesosclaros.cl/contacto
B31: Madurez por área

Sheet Listas
A1: 0 · No existe
A2: 1 · Está en la cabeza de alguien
A3: 2 · Existe, pero no siempre se cumple
A4: 3 · Definido, escrito y se cumple
